Company,URL
GATEWAY SCIENCE ACADEMY OF SAINT LOUIS,https://www.adzuna.com/details/5430186506?utm_medium=api&utm_source=183d4472
Avant Tech,https://www.adzuna.com/details/5447295950?utm_medium=api&utm_source=183d4472
Edward Jones,https://www.adzuna.com/land/ad/5437675908?se=aNJjIkSp8BG_iNIX1qUrNQ&utm_medium=api&utm_source=183d4472&v=076A00E5714FB3083264F003FA01F2F88FC7EB22
Anheuser-Busch,https://www.adzuna.com/land/ad/5430876117?se=aNJjIkSp8BG_iNIX1qUrNQ&utm_medium=api&utm_source=183d4472&v=0EFC9DC494972A0217E52ED2167D3C8461A8A584
Anheuser-Busch,https://www.adzuna.com/land/ad/5430043367?se=aNJjIkSp8BG_iNIX1qUrNQ&utm_medium=api&utm_source=183d4472&v=D6188D5274F6F97BDFFDC8E5CC3B7CF9395669CA
Anheuser-Busch,https://www.adzuna.com/land/ad/5430028474?se=aNJjIkSp8BG_iNIX1qUrNQ&utm_medium=api&utm_source=183d4472&v=334E5E0755BBD7F4EA755DD90F8B8FA1B38B26FE
Anheuser-Busch,https://www.adzuna.com/land/ad/5430879745?se=aNJjIkSp8BG_iNIX1qUrNQ&utm_medium=api&utm_source=183d4472&v=66DDE8A4E1768FABBAFD9A9E8609239782009AB3
Anheuser-Busch,https://www.adzuna.com/land/ad/5430028822?se=aNJjIkSp8BG_iNIX1qUrNQ&utm_medium=api&utm_source=183d4472&v=A65DEECB9CD75026138C026C0EE424578A4E8408
Anheuser-Busch,https://www.adzuna.com/land/ad/5430028052?se=aNJjIkSp8BG_iNIX1qUrNQ&utm_medium=api&utm_source=183d4472&v=F2BA508F29B597D7CD31666CC4028717D305A134
Anheuser-Busch,https://www.adzuna.com/land/ad/5430875492?se=aNJjIkSp8BG_iNIX1qUrNQ&utm_medium=api&utm_source=183d4472&v=04BB172E0978302C36E8B0A7E42F30578C23863F
Anheuser-Busch,https://www.adzuna.com/land/ad/5433683293?se=aNJjIkSp8BG_iNIX1qUrNQ&utm_medium=api&utm_source=183d4472&v=C25EB0148CCFF08CA902F40B3704901F83B5D18C
Anheuser-Busch,https://www.adzuna.com/land/ad/5430043558?se=aNJjIkSp8BG_iNIX1qUrNQ&utm_medium=api&utm_source=183d4472&v=55B21BA057B24DF7E640FE54AE70B44DAE2FC5CA
Anheuser-Busch,https://www.adzuna.com/land/ad/5430879869?se=aNJjIkSp8BG_iNIX1qUrNQ&utm_medium=api&utm_source=183d4472&v=E0B37953980F449BA5C1BEF3A73915DD6DBD16E1
Anheuser-Busch,https://www.adzuna.com/land/ad/5430879840?se=aNJjIkSp8BG_iNIX1qUrNQ&utm_medium=api&utm_source=183d4472&v=FCB2459B66A621D0672FF3CC7CA3E2C3558436CF
Anheuser-Busch,https://www.adzuna.com/land/ad/5430043927?se=aNJjIkSp8BG_iNIX1qUrNQ&utm_medium=api&utm_source=183d4472&v=1C11D7DE14F67E54A264B73F4FE1C232B3145A42
Anheuser-Busch,https://www.adzuna.com/land/ad/5430043825?se=aNJjIkSp8BG_iNIX1qUrNQ&utm_medium=api&utm_source=183d4472&v=3F931D45BD2C5DBBA523330E377C92FF68040FE2
Anheuser-Busch,https://www.adzuna.com/land/ad/5430874911?se=aNJjIkSp8BG_iNIX1qUrNQ&utm_medium=api&utm_source=183d4472&v=9E5E73CD4497D15722392B1130FBCC2C26E53B44
Anheuser-Busch,https://www.adzuna.com/land/ad/5441698905?se=aNJjIkSp8BG_iNIX1qUrNQ&utm_medium=api&utm_source=183d4472&v=9638C012FD82815B01CFA1E2B3FD5AF1B5D16078
Edward Jones,https://www.adzuna.com/land/ad/5430879345?se=aNJjIkSp8BG_iNIX1qUrNQ&utm_medium=api&utm_source=183d4472&v=171A9104EE3CFE0F209983075725DC0225AA9BED
CEdge Software Consultants,https://www.adzuna.com/land/ad/5350689461?se=aNJjIkSp8BG_iNIX1qUrNQ&utm_medium=api&utm_source=183d4472&v=E9012C4F77AB8C23F9A84474B33D505B5A9A6774
Beacon Hill,https://www.adzuna.com/land/ad/5376890321?se=uoP1I0Sp8BGej54AcLqpVw&utm_medium=api&utm_source=183d4472&v=DB730F696EFF9AC2F5F46F609A5AE95AE74D8AD8
Boeing,https://www.adzuna.com/land/ad/5446129792?se=uoP1I0Sp8BGej54AcLqpVw&utm_medium=api&utm_source=183d4472&v=AFB37A8CFD6BE6CE8161100432E1DF5D78CF069A
CEdge Software Consultants,https://www.adzuna.com/land/ad/5332018000?se=uoP1I0Sp8BGej54AcLqpVw&utm_medium=api&utm_source=183d4472&v=C8D2433B299B34886E4570745DF2EC16170B220C
CEdge Software Consultants,https://www.adzuna.com/land/ad/5332021304?se=uoP1I0Sp8BGej54AcLqpVw&utm_medium=api&utm_source=183d4472&v=C4EE0B609BB33FCE0A1929A323B5C83E21262A49
Boeing,https://www.adzuna.com/land/ad/5445615437?se=uoP1I0Sp8BGej54AcLqpVw&utm_medium=api&utm_source=183d4472&v=302892FB019AA642773404FEC3E5DE2921C051EF
Boeing,https://www.adzuna.com/land/ad/5446129215?se=uoP1I0Sp8BGej54AcLqpVw&utm_medium=api&utm_source=183d4472&v=9CF8B8D12AE7DDEC9BA64B9B0DE07668EA689BC4
Boeing,https://www.adzuna.com/land/ad/5446129935?se=uoP1I0Sp8BGej54AcLqpVw&utm_medium=api&utm_source=183d4472&v=209E64E5F39BC71757F853193A10592D3B421F6E
Boeing,https://www.adzuna.com/land/ad/5446129492?se=uoP1I0Sp8BGej54AcLqpVw&utm_medium=api&utm_source=183d4472&v=9549401C65EE644685E406F3D1F4533419D02BAA
Boeing,https://www.adzuna.com/land/ad/5445615272?se=uoP1I0Sp8BGej54AcLqpVw&utm_medium=api&utm_source=183d4472&v=8ACF89D7B4AB1410D0C8DC71F6181770F08ABB6D
Boeing,https://www.adzuna.com/land/ad/5446129435?se=uoP1I0Sp8BGej54AcLqpVw&utm_medium=api&utm_source=183d4472&v=CBA98D959212F56FABC24A91A01910365A3530E0
IC-CAP,https://www.adzuna.com/land/ad/5435887693?se=uoP1I0Sp8BGej54AcLqpVw&utm_medium=api&utm_source=183d4472&v=E0483E6BA745200E9A3EE28095DA05AEEEF9ED84
Boeing,https://www.adzuna.com/land/ad/5446129241?se=uoP1I0Sp8BGej54AcLqpVw&utm_medium=api&utm_source=183d4472&v=7EFB79D84E1235BEE1F227F15AD27A479EB98821
Boeing,https://www.adzuna.com/land/ad/5446129464?se=uoP1I0Sp8BGej54AcLqpVw&utm_medium=api&utm_source=183d4472&v=19215F6E7EE1AE0EC159AAE01BEDE7377629F932
Boeing,https://www.adzuna.com/land/ad/5446129135?se=uoP1I0Sp8BGej54AcLqpVw&utm_medium=api&utm_source=183d4472&v=5D413C7449604E81C5BA099B435C7E15D3525D43
Figure Eight Federal LLC,https://www.adzuna.com/land/ad/5332015223?se=uoP1I0Sp8BGej54AcLqpVw&utm_medium=api&utm_source=183d4472&v=963BA94E9BE027253BE34814D7B88D81C91DDF19
IC-CAP,https://www.adzuna.com/land/ad/5332018266?se=uoP1I0Sp8BGej54AcLqpVw&utm_medium=api&utm_source=183d4472&v=53A0C474831FB5840A23683509CD12AE474D6960
IC-CAP,https://www.adzuna.com/land/ad/5435896154?se=uoP1I0Sp8BGej54AcLqpVw&utm_medium=api&utm_source=183d4472&v=2B7987669348083816E20FCED262921D2D043585
Boeing,https://www.adzuna.com/land/ad/5445615209?se=uoP1I0Sp8BGej54AcLqpVw&utm_medium=api&utm_source=183d4472&v=0D1950CF4044CBD59948AF803A47467F738060E8
Boeing,https://www.adzuna.com/land/ad/5446400573?se=uoP1I0Sp8BGej54AcLqpVw&utm_medium=api&utm_source=183d4472&v=3A96EF517145EBC25D0D53FADA02EE42851EE84B
Boeing,https://www.adzuna.com/land/ad/5446129218?se=uoP1I0Sp8BGej54AcLqpVw&utm_medium=api&utm_source=183d4472&v=71285DF93AD75E7580188F0D6F01021094330F27
Beacon Hill,https://www.adzuna.com/land/ad/5352897383?se=4otzJUSp8BG_iNIX1qUrNQ&utm_medium=api&utm_source=183d4472&v=1880DBC9228C7024B69CC3CB0E0CE5943B716AED
Boeing,https://www.adzuna.com/land/ad/5446129161?se=4otzJUSp8BG_iNIX1qUrNQ&utm_medium=api&utm_source=183d4472&v=2A9853CD95C7EEA2FAD66FB4F58FA9ED6ED68B2E
Integrity First Technologies LLC,https://www.adzuna.com/land/ad/5351213015?se=4otzJUSp8BG_iNIX1qUrNQ&utm_medium=api&utm_source=183d4472&v=21AF2D70C04F6D92E4AB626C66B71DDDF53B2B3B
Boeing,https://www.adzuna.com/land/ad/5446129993?se=4otzJUSp8BG_iNIX1qUrNQ&utm_medium=api&utm_source=183d4472&v=C0533244161AE30D154C45C35D093ED7CCF01D60
Boeing,https://www.adzuna.com/land/ad/5446400677?se=4otzJUSp8BG_iNIX1qUrNQ&utm_medium=api&utm_source=183d4472&v=D7C606A09AB1B83578955C70ADDCDEEBB906DABC
Boeing,https://www.adzuna.com/land/ad/5446129226?se=4otzJUSp8BG_iNIX1qUrNQ&utm_medium=api&utm_source=183d4472&v=BC9A72983B64F7253B035A1C2AA1DD3B3FAC5AFF
Boeing,https://www.adzuna.com/land/ad/5445615081?se=4otzJUSp8BG_iNIX1qUrNQ&utm_medium=api&utm_source=183d4472&v=44FB9A2F9AC3D388E1EF883E17C3A9B7705009DD
Boeing,https://www.adzuna.com/land/ad/5446129429?se=4otzJUSp8BG_iNIX1qUrNQ&utm_medium=api&utm_source=183d4472&v=0B2A521D2E3FB94AB3226711117B6EC0F2195977
Boeing,https://www.adzuna.com/land/ad/5445615350?se=4otzJUSp8BG_iNIX1qUrNQ&utm_medium=api&utm_source=183d4472&v=E3B1D94C0ED7B085A1F08F9BE2192C8DFABF961B
Beacon Hill,https://www.adzuna.com/land/ad/5332020490?se=4otzJUSp8BG_iNIX1qUrNQ&utm_medium=api&utm_source=183d4472&v=2FF258F8066C40D9D9084015BC60A1E13EB0E8F0
Latitude Inc.,https://www.adzuna.com/land/ad/5441901811?se=4otzJUSp8BG_iNIX1qUrNQ&utm_medium=api&utm_source=183d4472&v=DEDD9E7236ABCA20F18F4DE8710DD876832C054A
Boeing,https://www.adzuna.com/land/ad/5446129762?se=4otzJUSp8BG_iNIX1qUrNQ&utm_medium=api&utm_source=183d4472&v=A728A2CB55550A42843159DB9FB774D82996E959
Boeing,https://www.adzuna.com/land/ad/5446400681?se=4otzJUSp8BG_iNIX1qUrNQ&utm_medium=api&utm_source=183d4472&v=E0018B7F08A2F2999DF179D3D3CBAE4B87D64028
Boeing,https://www.adzuna.com/land/ad/5445615593?se=4otzJUSp8BG_iNIX1qUrNQ&utm_medium=api&utm_source=183d4472&v=DE3A81869576E42358700C96BDB2D0A0F01006B1
Boeing,https://www.adzuna.com/land/ad/5446129240?se=4otzJUSp8BG_iNIX1qUrNQ&utm_medium=api&utm_source=183d4472&v=905B5645A1FCD4CFD60D0663B95ABB1CBA470C55
Boeing,https://www.adzuna.com/land/ad/5446129764?se=4otzJUSp8BG_iNIX1qUrNQ&utm_medium=api&utm_source=183d4472&v=595B530D483966C5D15852636675EA0FCD9942D7
"iBrain Technologies, Inc",https://www.adzuna.com/land/ad/5442468425?se=4otzJUSp8BG_iNIX1qUrNQ&utm_medium=api&utm_source=183d4472&v=11C9BD82961DA898F01651A3FE77796E809D0EDE
Aqua IT,https://www.adzuna.com/land/ad/5415033847?se=4otzJUSp8BG_iNIX1qUrNQ&utm_medium=api&utm_source=183d4472&v=03B2D696B31B423CBFC9E9CABE9EB59E48176709
Aqua IT,https://www.adzuna.com/land/ad/5401542111?se=4otzJUSp8BG_iNIX1qUrNQ&utm_medium=api&utm_source=183d4472&v=C154B6C5E927A44547EC9965E4F04E32740ED0A8
SAIC,https://www.adzuna.com/land/ad/5396768332?se=4otzJUSp8BG_iNIX1qUrNQ&utm_medium=api&utm_source=183d4472&v=11C925B6B7BF00F3E628BE81B921380FE333E7FA
BOEING,https://www.adzuna.com/land/ad/5445614995?se=RgzeJkSp8BGqDJIMlid_Ow&utm_medium=api&utm_source=183d4472&v=2FEC4125F56F59B44D8F1133C24AFE9C51AF1919
Boeing,https://www.adzuna.com/land/ad/5445614732?se=RgzeJkSp8BGqDJIMlid_Ow&utm_medium=api&utm_source=183d4472&v=44F994FD885711B01047B1862E5A436C3A92ADA1
Boeing,https://www.adzuna.com/land/ad/5446129489?se=RgzeJkSp8BGqDJIMlid_Ow&utm_medium=api&utm_source=183d4472&v=432DA9DFBD1E668CF98EB301EDC912B2C544861C
Boeing,https://www.adzuna.com/land/ad/5445615021?se=RgzeJkSp8BGqDJIMlid_Ow&utm_medium=api&utm_source=183d4472&v=8E9CEABE0DEFFCB8FED4D82FCD3BB92EE22A6213
Beacon Hill,https://www.adzuna.com/land/ad/5376890428?se=RgzeJkSp8BGqDJIMlid_Ow&utm_medium=api&utm_source=183d4472&v=D356A572B8A9CAB89EB5D9947077B09DB7997680
Beacon Hill,https://www.adzuna.com/land/ad/5415024879?se=RgzeJkSp8BGqDJIMlid_Ow&utm_medium=api&utm_source=183d4472&v=FB5A393182B3E1AD06ED32E0546E4B556F6FC24E
The Timberline Group,https://www.adzuna.com/details/4817023629?utm_medium=api&utm_source=183d4472
Figure Eight Federal LLC,https://www.adzuna.com/land/ad/5332015225?se=RgzeJkSp8BGqDJIMlid_Ow&utm_medium=api&utm_source=183d4472&v=06AF98646BDDEF10115A4C638E0CC4BCDC77E83E
Amentum,https://www.adzuna.com/land/ad/5258312008?se=RgzeJkSp8BGqDJIMlid_Ow&utm_medium=api&utm_source=183d4472&v=C36F7523F698D478E3B0C7F223F0F595FA5B99C0
Direct Counsel,https://www.adzuna.com/details/5428570778?utm_medium=api&utm_source=183d4472
Boeing,https://www.adzuna.com/land/ad/5445615511?se=RgzeJkSp8BGqDJIMlid_Ow&utm_medium=api&utm_source=183d4472&v=0E9875629D6DE120C0908DED3CA2AC7F54663F1F
Boeing,https://www.adzuna.com/land/ad/5446129175?se=RgzeJkSp8BGqDJIMlid_Ow&utm_medium=api&utm_source=183d4472&v=AE391985A191DF054F53545880FD5873A8CBE1E4
SecureVision,https://www.adzuna.com/land/ad/5332018092?se=RgzeJkSp8BGqDJIMlid_Ow&utm_medium=api&utm_source=183d4472&v=9056D0FD556C559318D71E056D2368DD331ABC7A
Beacon Hill,https://www.adzuna.com/land/ad/5363910264?se=RgzeJkSp8BGqDJIMlid_Ow&utm_medium=api&utm_source=183d4472&v=5C87D3B2C034793C60A01A05B14894806C92B2F5
Evtron,https://www.adzuna.com/details/4805418325?utm_medium=api&utm_source=183d4472
The Timberline Group,https://www.adzuna.com/details/4811157997?utm_medium=api&utm_source=183d4472
The Timberline Group,https://www.adzuna.com/details/4804525890?utm_medium=api&utm_source=183d4472
Figure Eight Federal LLC,https://www.adzuna.com/land/ad/5332020753?se=RgzeJkSp8BGqDJIMlid_Ow&utm_medium=api&utm_source=183d4472&v=1DD854F73AF26DB7E0081AA0330E0B33556F9FA5
Red Gate Group,https://www.adzuna.com/land/ad/5441577456?se=RgzeJkSp8BGqDJIMlid_Ow&utm_medium=api&utm_source=183d4472&v=293CE4791DED0B20AED70577A94B3171FAB9F602
Momentum,https://www.adzuna.com/land/ad/5447523462?se=RgzeJkSp8BGqDJIMlid_Ow&utm_medium=api&utm_source=183d4472&v=587BD60142B112818725386A0A805C80DADC0DF9
Momentum,https://www.adzuna.com/land/ad/5443805658?se=XMVsKESp8BG_iNIX1qUrNQ&utm_medium=api&utm_source=183d4472&v=2ECD316914EFC446CBC0E24045EC079947C9B321
Accenture,https://www.adzuna.com/land/ad/5340797527?se=XMVsKESp8BG_iNIX1qUrNQ&utm_medium=api&utm_source=183d4472&v=3FC3A4E274927D0E988E5C0EDBF3D30C67C3370A
Boeing,https://www.adzuna.com/land/ad/5445614902?se=XMVsKESp8BG_iNIX1qUrNQ&utm_medium=api&utm_source=183d4472&v=40030B36A17D891A110CF7510CE78D6AF0ABC838
Boeing,https://www.adzuna.com/land/ad/5446400525?se=XMVsKESp8BG_iNIX1qUrNQ&utm_medium=api&utm_source=183d4472&v=8B06567AB7EEE439842A9069E5A594ECC5BDE2E7
Insight Global,https://www.adzuna.com/land/ad/5362779334?se=XMVsKESp8BG_iNIX1qUrNQ&utm_medium=api&utm_source=183d4472&v=598B6B6824F69B648E49EA27036C9B5FFF3D7332
The Timberline Group,https://www.adzuna.com/details/4809972306?utm_medium=api&utm_source=183d4472
Accenture,https://www.adzuna.com/land/ad/5317120897?se=XMVsKESp8BG_iNIX1qUrNQ&utm_medium=api&utm_source=183d4472&v=2602CA37904428AA93BB9FCEA8359E385C9F05FD
Accenture,https://www.adzuna.com/land/ad/5391519780?se=XMVsKESp8BG_iNIX1qUrNQ&utm_medium=api&utm_source=183d4472&v=85CA544D4C3A49EE1888341BA3583F0AF6368C05
Accenture,https://www.adzuna.com/land/ad/5391519698?se=XMVsKESp8BG_iNIX1qUrNQ&utm_medium=api&utm_source=183d4472&v=ED643EC382B11B4C83637C11BB79A570CFD54B6B
Momentum,https://www.adzuna.com/land/ad/5443805067?se=XMVsKESp8BG_iNIX1qUrNQ&utm_medium=api&utm_source=183d4472&v=013BD9FBFD7718413331C55F72559EA58BC583B6
Boeing,https://www.adzuna.com/land/ad/5446400550?se=XMVsKESp8BG_iNIX1qUrNQ&utm_medium=api&utm_source=183d4472&v=DC6B8A5789C5D5FA7E0C46C32166D5135EDC50FC
Boeing,https://www.adzuna.com/land/ad/5445615304?se=XMVsKESp8BG_iNIX1qUrNQ&utm_medium=api&utm_source=183d4472&v=1A574DD68D88B3DD0CEEAD8E52F14F335B53C429
Boeing,https://www.adzuna.com/land/ad/5445615051?se=XMVsKESp8BG_iNIX1qUrNQ&utm_medium=api&utm_source=183d4472&v=45F2E803A462E9B38F6AC3696C826E922AB0CA0D
Boeing,https://www.adzuna.com/land/ad/5446129095?se=XMVsKESp8BG_iNIX1qUrNQ&utm_medium=api&utm_source=183d4472&v=A3116E1820A5AEF9DCF79C773A7C2D1F99F6C74B
Boeing,https://www.adzuna.com/land/ad/5447177389?se=XMVsKESp8BG_iNIX1qUrNQ&utm_medium=api&utm_source=183d4472&v=7DF09825DE56F55C706CF0ACAE49045E204511CD
The Timberline Group,https://www.adzuna.com/details/4816780814?utm_medium=api&utm_source=183d4472
Axiom Software Solutions Limited,https://www.adzuna.com/details/5343826462?utm_medium=api&utm_source=183d4472
The Boeing Company,https://www.adzuna.com/land/ad/5431927821?se=XMVsKESp8BG_iNIX1qUrNQ&utm_medium=api&utm_source=183d4472&v=4B68AB523C1431DD7D7BF98DA25CC0F373F1DE0A
The Timberline Group,https://www.adzuna.com/details/5015769797?utm_medium=api&utm_source=183d4472
"Vector Check Business Solutions, LLC",https://www.adzuna.com/land/ad/5362024804?se=XMVsKESp8BG_iNIX1qUrNQ&utm_medium=api&utm_source=183d4472&v=4110883C969CF7B1332E93C0612694FAD25CA4B7
