job_text_clean,Title,Company,Location,Category,RedirectURL
bachelor degree computer education computer science technology computer engineering 24 month full time experience job ict teacher required f 40 hr wk mail resume mustafa icel gateway science academy st louis 5049 fyler avenue st louis mo 63139,Computer Science Teacher,GATEWAY SCIENCE ACADEMY OF SAINT LOUIS,"Saint Louis, Saint Louis County",IT Jobs,https://www.adzuna.com/details/5430186506?utm_medium=api&utm_source=183d4472
avant tech looking talented computer science patent associate attorney join thriving technology law practice successful candidate provide sophisticated legal counsel client software hardware data science sector focusing patent prosecution intellectual property strategy role involve working leading tech company protect innovation navigate complex patent issue key responsibility prepare file prosecute patent,Computer Science Patent Junior Attorney (Hybrid),Avant Tech,"Saint Louis, Saint Louis County",IT Jobs,https://www.adzuna.com/details/5447295950?utm_medium=api&utm_source=183d4472
innovate see idea come life exciting time work tech edward jones making massive investment emerging technology improve work client relationship focus business model working technology mean using skill build deliver maintain technology enable u deepen support relationship best part develop create industry leading,Senior Security Technical Architect,Edward Jones,"Manchester, Saint Louis County",IT Jobs,https://www.adzuna.com/land/ad/5437675908?se=rC-_xIup8BG_iNIX1qUrNQ&utm_medium=api&utm_source=183d4472&v=076A00E5714FB3083264F003FA01F2F88FC7EB22
dreaming big dna company culture heritage ever future future always looking forward always serving new way meet life moment future keep dreaming bigger look people passion talent curiosity provide teammate resource opportunity unleash full potential power create together combine strength,SAP Security Manager,Anheuser-Busch,"Signal Hill, Saint Clair County",IT Jobs,https://www.adzuna.com/land/ad/5430876117?se=rC-_xIup8BG_iNIX1qUrNQ&utm_medium=api&utm_source=183d4472&v=0EFC9DC494972A0217E52ED2167D3C8461A8A584
dreaming big dna company culture heritage ever future future always looking forward always serving new way meet life moment future keep dreaming bigger look people passion talent curiosity provide teammate resource opportunity unleash full potential power create together combine strength,SAP Security Manager,Anheuser-Busch,"Moline Acres, Saint Louis County",IT Jobs,https://www.adzuna.com/land/ad/5430043367?se=rC-_xIup8BG_iNIX1qUrNQ&utm_medium=api&utm_source=183d4472&v=D6188D5274F6F97BDFFDC8E5CC3B7CF9395669CA
dreaming big dna company culture heritage ever future future always looking forward always serving new way meet life moment future keep dreaming bigger look people passion talent curiosity provide teammate resource opportunity unleash full potential power create together combine strength,SAP Security Manager,Anheuser-Busch,"East Carondelet, Saint Clair County",IT Jobs,https://www.adzuna.com/land/ad/5430028474?se=rC-_xIup8BG_iNIX1qUrNQ&utm_medium=api&utm_source=183d4472&v=334E5E0755BBD7F4EA755DD90F8B8FA1B38B26FE
dreaming big dna company culture heritage ever future future always looking forward always serving new way meet life moment future keep dreaming bigger look people passion talent curiosity provide teammate resource opportunity unleash full potential power create together combine strength,SAP Security Manager,Anheuser-Busch,"Riverview, Saint Louis County",IT Jobs,https://www.adzuna.com/land/ad/5430879745?se=rC-_xIup8BG_iNIX1qUrNQ&utm_medium=api&utm_source=183d4472&v=66DDE8A4E1768FABBAFD9A9E8609239782009AB3
dreaming big dna company culture heritage ever future future always looking forward always serving new way meet life moment future keep dreaming bigger look people passion talent curiosity provide teammate resource opportunity unleash full potential power create together combine strength,SAP Security Manager,Anheuser-Busch,"National Stock Yards, Saint Clair County",IT Jobs,https://www.adzuna.com/land/ad/5430028822?se=rC-_xIup8BG_iNIX1qUrNQ&utm_medium=api&utm_source=183d4472&v=A65DEECB9CD75026138C026C0EE424578A4E8408
dreaming big dna company culture heritage ever future future always looking forward always serving new way meet life moment future keep dreaming bigger look people passion talent curiosity provide teammate resource opportunity unleash full potential power create together combine strength,SAP Security Manager,Anheuser-Busch,"Centreville, Saint Clair County",IT Jobs,https://www.adzuna.com/land/ad/5430028052?se=rC-_xIup8BG_iNIX1qUrNQ&utm_medium=api&utm_source=183d4472&v=F2BA508F29B597D7CD31666CC4028717D305A134
dreaming big dna company culture heritage ever future future always looking forward always serving new way meet life moment future keep dreaming bigger look people passion talent curiosity provide teammate resource opportunity unleash full potential power create together combine strength,SAP Security Manager,Anheuser-Busch,"East Saint Louis, Saint Clair County",IT Jobs,https://www.adzuna.com/land/ad/5430875492?se=rC-_xIup8BG_iNIX1qUrNQ&utm_medium=api&utm_source=183d4472&v=04BB172E0978302C36E8B0A7E42F30578C23863F
dreaming big dna company culture heritage ever future future always looking forward always serving new way meet life moment future keep dreaming bigger look people passion talent curiosity provide teammate resource opportunity unleash full potential power create together combine strength,SAP Security Manager,Anheuser-Busch,"Manchester, Saint Louis County",IT Jobs,https://www.adzuna.com/land/ad/5433683293?se=rC-_xIup8BG_iNIX1qUrNQ&utm_medium=api&utm_source=183d4472&v=C25EB0148CCFF08CA902F40B3704901F83B5D18C
dreaming big dna company culture heritage ever future future always looking forward always serving new way meet life moment future keep dreaming bigger look people passion talent curiosity provide teammate resource opportunity unleash full potential power create together combine strength,SAP Security Manager,Anheuser-Busch,"Wilbur Park, Saint Louis County",IT Jobs,https://www.adzuna.com/land/ad/5430043558?se=rC-_xIup8BG_iNIX1qUrNQ&utm_medium=api&utm_source=183d4472&v=55B21BA057B24DF7E640FE54AE70B44DAE2FC5CA
dreaming big dna company culture heritage ever future future always looking forward always serving new way meet life moment future keep dreaming bigger look people passion talent curiosity provide teammate resource opportunity unleash full potential power create together combine strength,SAP Security Manager,Anheuser-Busch,"Clayton, Saint Louis County",IT Jobs,https://www.adzuna.com/land/ad/5430879869?se=rC-_xIup8BG_iNIX1qUrNQ&utm_medium=api&utm_source=183d4472&v=E0B37953980F449BA5C1BEF3A73915DD6DBD16E1
dreaming big dna company culture heritage ever future future always looking forward always serving new way meet life moment future keep dreaming bigger look people passion talent curiosity provide teammate resource opportunity unleash full potential power create together combine strength,SAP Security Manager,Anheuser-Busch,"Pagedale, Saint Louis County",IT Jobs,https://www.adzuna.com/land/ad/5430879840?se=rC-_xIup8BG_iNIX1qUrNQ&utm_medium=api&utm_source=183d4472&v=FCB2459B66A621D0672FF3CC7CA3E2C3558436CF
dreaming big dna company culture heritage ever future future always looking forward always serving new way meet life moment future keep dreaming bigger look people passion talent curiosity provide teammate resource opportunity unleash full potential power create together combine strength,SAP Security Manager,Anheuser-Busch,"Washingtn Park, Saint Clair County",IT Jobs,https://www.adzuna.com/land/ad/5430043927?se=rC-_xIup8BG_iNIX1qUrNQ&utm_medium=api&utm_source=183d4472&v=1C11D7DE14F67E54A264B73F4FE1C232B3145A42
dreaming big dna company culture heritage ever future future always looking forward always serving new way meet life moment future keep dreaming bigger look people passion talent curiosity provide teammate resource opportunity unleash full potential power create together combine strength,SAP Security Manager,Anheuser-Busch,"Webster Groves, Saint Louis County",IT Jobs,https://www.adzuna.com/land/ad/5430043825?se=rC-_xIup8BG_iNIX1qUrNQ&utm_medium=api&utm_source=183d4472&v=3F931D45BD2C5DBBA523330E377C92FF68040FE2
dreaming big dna company culture heritage ever future future always looking forward always serving new way meet life moment future keep dreaming bigger look people passion talent curiosity provide teammate resource opportunity unleash full potential power create together combine strength,SAP Security Manager,Anheuser-Busch,"Lovejoy, Saint Clair County",IT Jobs,https://www.adzuna.com/land/ad/5430874911?se=rC-_xIup8BG_iNIX1qUrNQ&utm_medium=api&utm_source=183d4472&v=9E5E73CD4497D15722392B1130FBCC2C26E53B44
dreaming big dna company culture heritage ever future future always looking forward always serving new way meet life moment future keep dreaming bigger look people passion talent curiosity provide teammate resource opportunity unleash full potential power create together combine strength,SAP Security Manager,Anheuser-Busch,"Saint Louis, Saint Louis County",IT Jobs,https://www.adzuna.com/land/ad/5441698905?se=rC-_xIup8BG_iNIX1qUrNQ&utm_medium=api&utm_source=183d4472&v=9638C012FD82815B01CFA1E2B3FD5AF1B5D16078
innovate see idea come life exciting time work tech edward jones making massive investment emerging technology improve work client relationship focus business model working technology mean using skill build deliver maintain technology enable u deepen support relationship best part develop create industry leading,Senior Policy Based Access Control (PBAC) Engineer,Edward Jones,"Manchester, Saint Louis County",IT Jobs,https://www.adzuna.com/land/ad/5430879345?se=rC-_xIup8BG_iNIX1qUrNQ&utm_medium=api&utm_source=183d4472&v=171A9104EE3CFE0F209983075725DC0225AA9BED
skill experience required bachelor degree computer science math science engineering related degree 12 year technical experience required include 10 year demonstrated experience developing networking technology routing circuit switching packet switching multiprotocol label switching mpls encapsulation protocol well accompanying international government industry standard 4 year planning scheduling req,NETWORK SYSTEM ENGINEER with Security Clearance,CEdge Software Consultants,"Saint Louis, Saint Louis County",IT Jobs,https://www.adzuna.com/land/ad/5350689461?se=rC-_xIup8BG_iNIX1qUrNQ&utm_medium=api&utm_source=183d4472&v=E9012C4F77AB8C23F9A84474B33D505B5A9A6774
overview seeking embedded cyber software developer support cybersecurity initiative secure boot firmware security hardware root trust role involves developing configuring boot loader implementing encryption hashing algorithm managing secure firmware update collaborating cross functional team integrate robust security feature across product lifecycle key responsibility develop sign configure secure boot loader uefi efi,Embedded Engineer - Cyber with Security Clearance,Beacon Hill,"Saint Louis, Saint Louis County",IT Jobs,https://www.adzuna.com/land/ad/5376890321?se=wv0Bxoup8BGqDJIMlid_Ow&utm_medium=api&utm_source=183d4472&v=DB730F696EFF9AC2F5F46F609A5AE95AE74D8AD8
job description boeing innovate collaborate make world better place committed fostering environment every teammate welcoming respectful inclusive great opportunity professional growth find future u boeing st louis building future creating innovative solution define next generation aerospace currently seeking structural design engineer level 4 5 develop maintain modify structur,Senior Structural Design Engineer - F-15,BOEING,"Saint Louis, Saint Louis County",Engineering Jobs,https://www.adzuna.com/land/ad/5446129517?se=wv0Bxoup8BGqDJIMlid_Ow&utm_medium=api&utm_source=183d4472&v=85D28B4F22A318932F00261B5DF01B6C7FCABB90
cedge opportunity cyber security engineer senior level located st louis mo ready work alongside world renowned technology expert carry skill opportunity inevitably take career unbelievable level position requires t sci security clearance cyber security engineer senior overall assignment description n2w cyber security engineer serve member n2w active project team providing,Cyber Security Engineer with Security Clearance,CEdge Software Consultants,"Saint Louis, Saint Louis County",IT Jobs,https://www.adzuna.com/land/ad/5332018000?se=wv0Bxoup8BGqDJIMlid_Ow&utm_medium=api&utm_source=183d4472&v=C8D2433B299B34886E4570745DF2EC16170B220C
overall assignment description conduct tscm foreign visit gift inspection digital counterexploitation technical evaluation activity technical operation supporting nga tscm program tssc modernization goal office counterintelligence technical ci division maintain familiarization governing national agency level policy ensuring compliance facet reporting training requirement well regulatory guideline duty may inc,TSCM Practitioner support (Level III) with Security Clearance,CEdge Software Consultants,"Saint Louis, Saint Louis County",IT Jobs,https://www.adzuna.com/land/ad/5332021304?se=wv0Bxoup8BGqDJIMlid_Ow&utm_medium=api&utm_source=183d4472&v=C4EE0B609BB33FCE0A1929A323B5C83E21262A49
job description boeing innovate collaborate make world better place committed fostering environment every teammate welcoming respectful inclusive great opportunity professional growth find future u boeing defense space security bd hiring senior guidance navigation control gnc engineer join flight system engineering capability berkeley mo role support new product design development,Senior Guidance Navigation and Control Engineer,BOEING,"Saint Louis, Saint Louis County",Engineering Jobs,https://www.adzuna.com/land/ad/5445615437?se=wv0Bxoup8BGqDJIMlid_Ow&utm_medium=api&utm_source=183d4472&v=302892FB019AA642773404FEC3E5DE2921C051EF
job description boeing innovate collaborate make world better place committed fostering environment every teammate welcoming respectful inclusive great opportunity professional growth find future u boeing st louis building future creating innovative solution define next generation aerospace currently seeking structural analysis engineer level 4 5 verify structural integrity usin,(15h Left) Senior Structural Analysis Engineer - F-15,BOEING,"Saint Louis, Saint Louis County",Engineering Jobs,https://www.adzuna.com/land/ad/5445615272?se=wv0Bxoup8BGqDJIMlid_Ow&utm_medium=api&utm_source=183d4472&v=8ACF89D7B4AB1410D0C8DC71F6181770F08ABB6D
job description boeing innovate collaborate make world better place committed fostering environment every teammate welcoming respectful inclusive great opportunity professional growth find future u boeing company currently seeking experienced f 15 mission systemscommunications datalink integration engineer join f 15 mission system team located berkeley mo position focus supporting,F-15 Mission Systems Communications and Datalink Integration Engineer,BOEING,"Saint Louis, Saint Louis County",Engineering Jobs,https://www.adzuna.com/land/ad/5446129492?se=wv0Bxoup8BGqDJIMlid_Ow&utm_medium=api&utm_source=183d4472&v=9549401C65EE644685E406F3D1F4533419D02BAA
job description boeing innovate collaborate make world better place committed fostering environment every teammate welcoming respectful inclusive great opportunity professional growth find future u boeing company currently seeking experienced f 15 mission system communication datalink integration engineer join f 15 mission system team located berkeley mo position focus supporting th,(15h Left) F-15 Mission Systems Communications and Datalink Integration Engineer,Boeing,"Saint Louis, Saint Louis County",Engineering Jobs,https://www.adzuna.com/land/ad/5446129935?se=wv0Bxoup8BGqDJIMlid_Ow&utm_medium=api&utm_source=183d4472&v=209E64E5F39BC71757F853193A10592D3B421F6E
tscm practitioner support level 3 conduct tscm foreign visit gift inspection digital counterexploitation technical evaluation activity technical operation supporting nga tscm program tssc modernization goal office counterintelligence technical ci division maintain familiarization governing national agency level policy ensuring compliance facet reporting training requirement well regulatory guideline dutie,TSCM Practitioner support (Level 3) 127-014 with Security Clearance,IC-CAP,"Saint Louis, Saint Louis County",IT Jobs,https://www.adzuna.com/land/ad/5435887693?se=wv0Bxoup8BGqDJIMlid_Ow&utm_medium=api&utm_source=183d4472&v=E0483E6BA745200E9A3EE28095DA05AEEEF9ED84
job description boeing innovate collaborate make world better place committed fostering environment every teammate welcoming respectful inclusive great opportunity professional growth find future u boeing company exciting opportunity electronic system design analysis test engineer current emerging program across st louis region including berkeley mo hazelwood mo st charles mo,"Electrical Design, Analysis and Test Engineer - (Signing Bonus Potential)",BOEING,"Saint Louis, Saint Louis County",Engineering Jobs,https://www.adzuna.com/land/ad/5446129464?se=wv0Bxoup8BGqDJIMlid_Ow&utm_medium=api&utm_source=183d4472&v=19215F6E7EE1AE0EC159AAE01BEDE7377629F932
job description boeing innovate collaborate make world better place committed fostering environment every teammate welcoming respectful inclusive great opportunity professional growth find future u boeing company exciting opportunity electronic system design analysis test engineer current emerging program across st louis region including berkeley mo hazelwood mo st charles mo,"Urgent: Electrical Design, Analysis and Test Engineer - (Signing Bonus Potential)",BOEING,"Saint Louis, Saint Louis County",Engineering Jobs,https://www.adzuna.com/land/ad/5445615147?se=wv0Bxoup8BGqDJIMlid_Ow&utm_medium=api&utm_source=183d4472&v=6EDF5435A2DC798A518CD902863B28F0B752B0E7
job description boeing innovate collaborate make world better place committed fostering environment every teammate welcoming respectful inclusive great opportunity professional growth find future u boeing company actively seeking associate system engineer join saint louis based division business unit work location include hazelwood mo saint charles mo berkeley mo boeing focused providin,Associate Systems Engineer,BOEING,"Saint Louis, Saint Louis County",Engineering Jobs,https://www.adzuna.com/land/ad/5446129241?se=wv0Bxoup8BGqDJIMlid_Ow&utm_medium=api&utm_source=183d4472&v=7EFB79D84E1235BEE1F227F15AD27A479EB98821
job description boeing innovate collaborate make world better place committed fostering environment every teammate welcoming respectful inclusive great opportunity professional growth find future u boeing defense space security bd team seeking seeking senior design analysis engineer located berkeley mo member team lead development execution new avionics architectur,▷ (Apply in 3 Minutes) F-15 Mission Systems Integration Architect,BOEING,"Saint Louis, Saint Louis County",Engineering Jobs,https://www.adzuna.com/land/ad/5446130065?se=wv0Bxoup8BGqDJIMlid_Ow&utm_medium=api&utm_source=183d4472&v=CEA23EF2EF3CDF0E939FA0EA586FC2ABB7560D9C
figure eight federal f8f leading future ai training data figure eight federal f8f provides accurate reliable human annotated datasets fuel ai machine learning world biggest brand 25 year industry knowledge f8f technology power many ai interaction experience every day solution expertise empower client achieve ai goal make significant impact industry seeking exceptiona,Operations Manager (TS/SCI) with Security Clearance,Figure Eight Federal LLC,"Saint Louis, Saint Louis County",Scientific & QA Jobs,https://www.adzuna.com/land/ad/5332015223?se=wv0Bxoup8BGqDJIMlid_Ow&utm_medium=api&utm_source=183d4472&v=963BA94E9BE027253BE34814D7B88D81C91DDF19
system engineer senior overall assignment description n2w deployment system engineer shall provide system engineering system integration project management process schedule documentation support n2w deployment system engineer support enterprise deployment process planning deployment program coordination schedule development mission dependency development documentation deployment ncw enterprise new n2w building n2w deployment syst,System Engineer (Senior) 112-131 with Security Clearance,IC-CAP,"Saint Louis, Saint Louis County",IT Jobs,https://www.adzuna.com/land/ad/5332018266?se=wv0Bxoup8BGqDJIMlid_Ow&utm_medium=api&utm_source=183d4472&v=53A0C474831FB5840A23683509CD12AE474D6960
n2w tscm support level 3 conduct tscm foreign visit gift inspection digital counterexploitation technical evaluation activity technical operation supporting nga tscm program tssc modernization goal office counterintelligence technical ci division maintain familiarization governing national agency level policy ensuring compliance facet reporting training requirement well regulatory guideline duty may inclu,N2W TSCM Support (Level 3) 127-015 with Security Clearance,IC-CAP,"Saint Louis, Saint Louis County",IT Jobs,https://www.adzuna.com/land/ad/5435896154?se=wv0Bxoup8BGqDJIMlid_Ow&utm_medium=api&utm_source=183d4472&v=2B7987669348083816E20FCED262921D2D043585
job description boeing innovate collaborate make world better place committed fostering environment every teammate welcoming respectful inclusive great opportunity professional growth find future u leading global aerospace company top u exporter boeing develops manufacture service commercial airplane defense product space system customer 150 country u global workforce,Systems Engineer (Experienced or Lead),BOEING,"Saint Louis, Saint Louis County",Engineering Jobs,https://www.adzuna.com/land/ad/5446400573?se=wv0Bxoup8BGqDJIMlid_Ow&utm_medium=api&utm_source=183d4472&v=3A96EF517145EBC25D0D53FADA02EE42851EE84B
job description boeing innovate collaborate make world better place committed fostering environment every teammate welcoming respectful inclusive great opportunity professional growth find future u boeing company exciting opportunity senior electronic system design analysis test engineer fighter program located berkeley mo program include f 18 ea 18g f 15 f 22 production,"Senior Electronic Systems Design, Analysis, and Test Engineer - Fighters - (Signing Bonus Potential)",BOEING,"Saint Louis, Saint Louis County",Engineering Jobs,https://www.adzuna.com/land/ad/5445615611?se=wv0Bxoup8BGqDJIMlid_Ow&utm_medium=api&utm_source=183d4472&v=79C8677433DCF4CCBDC299C2878C7D486989187B
tooling engineer evaluate program project requirement develop complex equipment tooling concept analyze technical data assess impact product engineering design rate estimate also identifying opportunity robotics automation system integration role ensure compliance safety producibility maintainability reliability regulatory requirement key responsibility develop design tooling solution using,Equipment & Tool Engineer with Security Clearance,Beacon Hill,"Saint Louis, Saint Louis County",Engineering Jobs,https://www.adzuna.com/land/ad/5352897383?se=wv0Bxoup8BGqDJIMlid_Ow&utm_medium=api&utm_source=183d4472&v=1880DBC9228C7024B69CC3CB0E0CE5943B716AED
job description boeing innovate collaborate make world better place committed fostering environment every teammate welcoming respectful inclusive great opportunity professional growth find future u boeing defense space security phantom work division seeking experienced mass property engineer hazelwood mo berkeley mo site support upcoming advanced development program individual role,(Only 24h Left) Experienced Mass Properties Engineer,BOEING,"Saint Louis, Saint Louis County",Engineering Jobs,https://www.adzuna.com/land/ad/5446129161?se=wv0Bxoup8BGqDJIMlid_Ow&utm_medium=api&utm_source=183d4472&v=2A9853CD95C7EEA2FAD66FB4F58FA9ED6ED68B2E
senior data scientist 10 yr experience nga campus west ncw st louis mo must background intelligence experience providing analysis data science intelligence mission must able operate senior level independent environment must proficient creating process around large data set identify analytical discovery must able take discovery provide visualization easily integrated daily,Senior Data Scientist with Security Clearance,Integrity First Technologies LLC,"Saint Louis, Saint Louis County",IT Jobs,https://www.adzuna.com/land/ad/5351213015?se=YLchx4up8BGej54AcLqpVw&utm_medium=api&utm_source=183d4472&v=21AF2D70C04F6D92E4AB626C66B71DDDF53B2B3B
job description boeing innovate collaborate make world better place committed fostering environment every teammate welcoming respectful inclusive great opportunity professional growth find future u boeing company exciting opportunity experienced senior electronic system design analysis engineer current emerging fixed wing fighter program located berkeley mo program include f 47,Urgent: Senior Electronic Systems Design and Analysis Engineer - Mission Computing - Signing Bonus Potential,BOEING,"Saint Louis, Saint Louis County",Engineering Jobs,https://www.adzuna.com/land/ad/5446400677?se=YLchx4up8BGej54AcLqpVw&utm_medium=api&utm_source=183d4472&v=D7C606A09AB1B83578955C70ADDCDEEBB906DABC
job description boeing innovate collaborate make world better place committed fostering environment every teammate welcoming respectful inclusive great opportunity professional growth find future u boeing company exciting opportunity experienced senior electronic system design analysis engineer current emerging fixed wing fighter program located berkeley mo program include f 47,Senior Electronic Systems Design and Analysis Engineer - Mission Computing - Signing Bonus Potential,BOEING,"Saint Louis, Saint Louis County",Engineering Jobs,https://www.adzuna.com/land/ad/5446129993?se=YLchx4up8BGej54AcLqpVw&utm_medium=api&utm_source=183d4472&v=C0533244161AE30D154C45C35D093ED7CCF01D60
job description boeing innovate collaborate make world better place committed fostering environment every teammate welcoming respectful inclusive great opportunity professional growth find future u boeing mission system phantom work organization exciting opportunity senior level communication navigation identification cni engineer cni engineering part proprietary program located berkel,"Lead Navigations, Communications, and Data Link Engineer",BOEING,"Saint Louis, Saint Louis County",Engineering Jobs,https://www.adzuna.com/land/ad/5446129226?se=YLchx4up8BGej54AcLqpVw&utm_medium=api&utm_source=183d4472&v=BC9A72983B64F7253B035A1C2AA1DD3B3FAC5AFF
job description boeing innovate collaborate make world better place committed fostering environment every teammate welcoming respectful inclusive great opportunity professional growth find future u boeing mission system phantom work organization exciting opportunity experience senior level lead mission system crew system engineer position part proprietary program located berkeley,Lead Mission Systems Crew Systems Engineer,BOEING,"Saint Louis, Saint Louis County",Engineering Jobs,https://www.adzuna.com/land/ad/5445615081?se=YLchx4up8BGej54AcLqpVw&utm_medium=api&utm_source=183d4472&v=44FB9A2F9AC3D388E1EF883E17C3A9B7705009DD
job description boeing innovate collaborate make world better place committed fostering environment every teammate welcoming respectful inclusive great opportunity professional growth find future u boeing mission system phantom work organization exciting opportunity senior level communication navigation identification cni engineer cni engineering part proprietary program located berkel,"(High Salary) Lead Navigations, Communications, and Data Link Engineer",Boeing,"Saint Louis, Saint Louis County",Engineering Jobs,https://www.adzuna.com/land/ad/5445615350?se=YLchx4up8BGej54AcLqpVw&utm_medium=api&utm_source=183d4472&v=E3B1D94C0ED7B085A1F08F9BE2192C8DFABF961B
job description boeing innovate collaborate make world better place committed fostering environment every teammate welcoming respectful inclusive great opportunity professional growth find future u boeing defense space security bd team seeking electronic warefare engineer located berkeley mo position responsibility lead collaboration supplier develop enhance advanced electronic warfare,▷ High Salary: Electrophysics Engineer,BOEING,"Saint Louis, Saint Louis County",Engineering Jobs,https://www.adzuna.com/land/ad/5446400681?se=YLchx4up8BGej54AcLqpVw&utm_medium=api&utm_source=183d4472&v=E0018B7F08A2F2999DF179D3D3CBAE4B87D64028
job description boeing innovate collaborate make world better place committed fostering environment every teammate welcoming respectful inclusive great opportunity professional growth find future u boeing defense space security bd team seeking electronic warefare engineer located berkeley mo position responsibility lead collaboration supplier develop enhance advanced electronic warfare,(15h Left) Electrophysics Engineer,BOEING,"Saint Louis, Saint Louis County",Engineering Jobs,https://www.adzuna.com/land/ad/5446129762?se=YLchx4up8BGej54AcLqpVw&utm_medium=api&utm_source=183d4472&v=A728A2CB55550A42843159DB9FB774D82996E959
job description boeing innovate collaborate make world better place committed fostering environment every teammate welcoming respectful inclusive great opportunity professional growth find future u boeing defense space security bd seeking highly skilled senior level ground hardware architect support phantom work fixed wing proprietary program work berkeley mo joining fast paced program,▷ (High Salary) Ground Systems Hardware Architect,BOEING,"Saint Louis, Saint Louis County",Engineering Jobs,https://www.adzuna.com/land/ad/5446129240?se=YLchx4up8BGej54AcLqpVw&utm_medium=api&utm_source=183d4472&v=905B5645A1FCD4CFD60D0663B95ABB1CBA470C55
job description boeing innovate collaborate make world better place committed fostering environment every teammate welcoming respectful inclusive great opportunity professional growth find future u boeing defense space security bd team seeking experienced electronic system design analysis engineer join team berkeley mo join f 15 7 electrical team look,Experienced Design and Analysis Engineer (Electrical Systems Design),Boeing,"Saint Louis, Saint Louis County",Engineering Jobs,https://www.adzuna.com/land/ad/5445615593?se=YLchx4up8BGej54AcLqpVw&utm_medium=api&utm_source=183d4472&v=DE3A81869576E42358700C96BDB2D0A0F01006B1
location hazelwood berkeley missouri 100 onsite must active secret clearance eligible special access clearance contract hire u citizenship required join top tier aerospace defense company leading innovation next generation platform secure system seeking software engineer strong experience embedded system real time development ci cd pipeline support mission critical high security program key responsibility desig,Software Engineer Level 3-5 with Security Clearance,Beacon Hill,"Manchester, Saint Louis County",IT Jobs,https://www.adzuna.com/land/ad/5332020490?se=YLchx4up8BGej54AcLqpVw&utm_medium=api&utm_source=183d4472&v=2FF258F8066C40D9D9084015BC60A1E13EB0E8F0
responsibility role support development innovative system analytics exploitation production dissemination using web remote desktop cloud technology candidate 3 year python c java framework experience 4 year unit testing ci tool gitlab expertise cloud soa web service virtualization role also requires ability plan prioritize confluence jira environment communicate idea clearly across dive,Backend Software Engineer with Security Clearance,Latitude Inc.,"Saint Louis, Saint Louis County",IT Jobs,https://www.adzuna.com/land/ad/5441901811?se=YLchx4up8BGej54AcLqpVw&utm_medium=api&utm_source=183d4472&v=DEDD9E7236ABCA20F18F4DE8710DD876832C054A
job description sql dba location st louis mo local candidate sr dba responsible supporting sql server database ensuring performance availability security within production development environment principal responsibility duty 1 proactively monitor multiple database system ensure available secure service provided customer minimum downtime 2 responsible troubleshooting problem solving dat,SQL Database Administrator,"iBrain Technologies, Inc","Saint Louis, Saint Louis County",IT Jobs,https://www.adzuna.com/land/ad/5442468425?se=YLchx4up8BGej54AcLqpVw&utm_medium=api&utm_source=183d4472&v=11C9BD82961DA898F01651A3FE77796E809D0EDE
description opening senior devops engineer strong networking experience assist development integration deployment sustainment mission critical system responsibility primary duty support deployment microservices via devsecops pipeline within linux based multi tenant environment extensive experience designing implementing securing virtual network within aws experience implementing vpc network connectivity,DevOps Network Engineer with Security Clearance,Aqua IT,"Saint Louis, Saint Louis County",IT Jobs,https://www.adzuna.com/land/ad/5415033847?se=YLchx4up8BGej54AcLqpVw&utm_medium=api&utm_source=183d4472&v=03B2D696B31B423CBFC9E9CABE9EB59E48176709
location st louis mo chantilly va alexandria va 50 remote clearance top secret t sci preferred job description aqua opening experienced devops engineer assist development integration deployment sustainment mission critical system responsibility primary duty support deployment microservices via devsecops pipeline within linux based multi tenant environment develop update maintain gitlab ci cd pipeli,DevOps Engineer with Security Clearance,Aqua IT,"Saint Louis, Saint Louis County",IT Jobs,https://www.adzuna.com/land/ad/5401542111?se=YLchx4up8BGej54AcLqpVw&utm_medium=api&utm_source=183d4472&v=C154B6C5E927A44547EC9965E4F04E32740ED0A8
description saic seeking logistics deployment analyst provide support planning implementing seamless move mission people government customer current location new location position responsible planning defining mission dependency include contingency strategy deployment team seeking person expertly versed deployment logistics associated corporate military relocation effort planning responsibilitie,Logistics Principal,SAIC,"Wellston, Saint Louis County",IT Jobs,https://www.adzuna.com/land/ad/5396768332?se=YLchx4up8BGej54AcLqpVw&utm_medium=api&utm_source=183d4472&v=11C925B6B7BF00F3E628BE81B921380FE333E7FA
job description boeing innovate collaborate make world better place committed fostering environment every teammate welcoming respectful inclusive great opportunity professional growth find future u boeing defense space security bd seeking motivated talented senior system engineer level 5 join fighter team st louis missouri region system engineer apply interdisciplinary ap,EA-18G Senior Systems Engineer (15h Left),BOEING,"Saint Louis, Saint Louis County",Engineering Jobs,https://www.adzuna.com/land/ad/5445614732?se=YLchx4up8BGej54AcLqpVw&utm_medium=api&utm_source=183d4472&v=44F994FD885711B01047B1862E5A436C3A92ADA1
job description boeing innovate collaborate make world better place committed fostering environment every teammate welcoming respectful inclusive great opportunity professional growth find future u boeing defense space security bd air dominance phantom work system engineering integration test seit team seeking senior system engineer support development effort proprietary program berkeley mo,▷ Immediate Start! Senior Systems Engineer,BOEING,"Saint Louis, Saint Louis County",Engineering Jobs,https://www.adzuna.com/land/ad/5445614995?se=YLchx4up8BGej54AcLqpVw&utm_medium=api&utm_source=183d4472&v=2FEC4125F56F59B44D8F1133C24AFE9C51AF1919
job description boeing innovate collaborate make world better place committed fostering environment every teammate welcoming respectful inclusive great opportunity professional growth find future u boeing defense space air dominance team seeking mid level 3 senior level 4 f 18 system electrical design engineer design system wiring diagram f 18 support current production futu,▷ [15h Left] Mid or Senior level Design and Analysis Engineer (Electrical Systems Design),BOEING,"Saint Louis, Saint Louis County",Engineering Jobs,https://www.adzuna.com/land/ad/5445615021?se=YLchx4up8BGej54AcLqpVw&utm_medium=api&utm_source=183d4472&v=8E9CEABE0DEFFCB8FED4D82FCD3BB92EE22A6213
job description boeing innovate collaborate make world better place committed fostering environment every teammate welcoming respectful inclusive great opportunity professional growth find future u boeing defense space security bd air dominance phantom work system engineering integration test seit team seeking senior system engineer support development effort proprietary program berkeley mo,Senior Systems Engineer,Boeing,"Saint Louis, Saint Louis County",Engineering Jobs,https://www.adzuna.com/land/ad/5446129489?se=YLchx4up8BGej54AcLqpVw&utm_medium=api&utm_source=183d4472&v=432DA9DFBD1E668CF98EB301EDC912B2C544861C
seeking experienced core processing integration analysis engineer level 4 support advanced air dominance mission system program within defense aerospace sector engineer provide subject matter expertise core processor system integration strong focus requirement decomposition model based system engineering mbse mission system interoperability role requires ability lead integration effort partner customer drive,Integration & Analysis Engineer (Level 4) with Security Clearance,Beacon Hill,"Saint Louis, Saint Louis County",IT Jobs,https://www.adzuna.com/land/ad/5376890428?se=IDxFyIup8BGej54AcLqpVw&utm_medium=api&utm_source=183d4472&v=D356A572B8A9CAB89EB5D9947077B09DB7997680
position consist engineering oversight complex hardware redesigns develop execute design threat trade study work closely supplier program office aircraft modification partner meet requirement various program position responsibility collaborate supplier develop refine electronic warfare system ensuring alignment requirement specification assist integration electronic warfare system tactical aircraft,RF Electrical Engineer 3 with Security Clearance,Beacon Hill,"Manchester, Saint Louis County",Engineering Jobs,https://www.adzuna.com/land/ad/5415024879?se=IDxFyIup8BGej54AcLqpVw&utm_medium=api&utm_source=183d4472&v=FB5A393182B3E1AD06ED32E0546E4B556F6FC24E
software architect important influential member development team person need superior expertise gained extensive experience industry research best practice within application design coding database architecture position contribute team project predominately focusing architecture development work team typically agile methodology completing various development coding initiative report pr,Principal IT Architect,The Timberline Group,"Saint Louis, Saint Louis County",IT Jobs,https://www.adzuna.com/details/4817023629?utm_medium=api&utm_source=183d4472
figure eight federal f8f leading future ai training data figure eight federal f8f provides accurate reliable human annotated datasets fuel ai machine learning world biggest brand 25 year industry knowledge f8f technology power many ai interaction experience every day solution expertise empower client achieve ai goal make significant impact industry geospatial data manager,Geospatial Data Manager (Secret) with Security Clearance,Figure Eight Federal LLC,"Saint Louis, Saint Louis County",IT Jobs,https://www.adzuna.com/land/ad/5332015225?se=IDxFyIup8BGej54AcLqpVw&utm_medium=api&utm_source=183d4472&v=06AF98646BDDEF10115A4C638E0CC4BCDC77E83E
amentum seeking tscm practitioner iii support national geospatial intelligence agency nga office counterintelligence sic washington dc st louis mo tscm practitioner iii conduct tscm foreign visit gift inspection digital counterexploitation technical evaluation activity technical operation supporting nga tscm program tssc modernization goal office counterintelligence technical ci division maintain familiarization governing,TSCM Practitioner (Level III),Amentum,"Wellston, Saint Louis County",IT Jobs,https://www.adzuna.com/land/ad/5258312008?se=IDxFyIup8BGej54AcLqpVw&utm_medium=api&utm_source=183d4472&v=C36F7523F698D478E3B0C7F223F0F595FA5B99C0
job description boeing innovate collaborate make world better place committed fostering environment every teammate welcoming respectful inclusive great opportunity professional growth find future u boeing company exciting opportunity electronic system design analysis test engineer current emerging program across st louis region including berkeley mo hazelwood mo st charles mo,"Design, Analysis and Test Engineer",Boeing,"Saint Louis, Saint Louis County",Engineering Jobs,https://www.adzuna.com/land/ad/5445615511?se=IDxFyIup8BGej54AcLqpVw&utm_medium=api&utm_source=183d4472&v=0E9875629D6DE120C0908DED3CA2AC7F54663F1F
job description job description direct counsel representing law 100 firm seeking mid level associate join electrical engineering computer science patent prosecution practice group position offer flexibility across firm location strong preference candidate based atlanta denver houston st louis kansa city los angeles san francisco position overview premier opportunity technically driven patent prosecution attorney back,Patent Prosecution Associate Attorney - St. Louis,Direct Counsel,"Saint Louis, Saint Louis County",Engineering Jobs,https://www.adzuna.com/details/5428570778?utm_medium=api&utm_source=183d4472
position overview seeking highly experienced senior ground system hardware engineer lead ground segment hardware architecture design ensuring performance interface functional non functional requirement fully met selected candidate play critical role developing engineering solution practice key ground system capability including edge compute command control network communication system mission planning situati,Sr. Ground Systems Hardware Architect 5 with Security Clearance,Beacon Hill,"Saint Louis, Saint Louis County",Engineering Jobs,https://www.adzuna.com/land/ad/5363910264?se=IDxFyIup8BGej54AcLqpVw&utm_medium=api&utm_source=183d4472&v=5C87D3B2C034793C60A01A05B14894806C92B2F5
machine learning engineer make impact opportunity serve critical component nation safety security make impact using expertise protect country threat job description rapidly prototype containerized multimodal deep learning solution associated data pipeline enable geoai capability improving analytic workflow addressing key intelligence question cutting edge implementing state,Machine Learning Engineer with Security Clearance,SecureVision,"Sauget, Saint Clair County",IT Jobs,https://www.adzuna.com/land/ad/5332018092?se=IDxFyIup8BGej54AcLqpVw&utm_medium=api&utm_source=183d4472&v=9056D0FD556C559318D71E056D2368DD331ABC7A
six engineering position available position entry level experience related position different major still encouraged apply computer engineering expander board design must c unix linux embedded system knowledge electrical engineering firmware circuit design must high speed digital knowledge computer science let build custom enterprise resource planning erp system must python computer science ii n,Junior Engineer,Evtron,"Saint Louis, Saint Louis County",IT Jobs,https://www.adzuna.com/details/4805418325?utm_medium=api&utm_source=183d4472
ur net developer work team talented individual share strong passion work primary role experienced individual develop software solution conception development testing implementation phase full time position challenge find creative way solve problem explore new technology everyone expected contribute every level development process regardless position loo,.Net - Angular/C# Developer (Senior and Mid-Level),The Timberline Group,"Saint Louis, Saint Louis County",IT Jobs,https://www.adzuna.com/details/4811157997?utm_medium=api&utm_source=183d4472
senior software developer design custom software solution based client requirement position lead role development enhancement large data management system ongoing effort replace support data management system need change utilizing written visual basic java service angular user interface individual apply advanced theoretical knowledge computer science principle concept perform dut,Senior Software Developer,The Timberline Group,"Saint Louis, Saint Louis County",IT Jobs,https://www.adzuna.com/details/4804525890?utm_medium=api&utm_source=183d4472
figure eight federal f8f leading future ai training data figure eight federal f8f provides accurate reliable human annotated datasets fuel ai machine learning world biggest brand 25 year industry knowledge f8f technology power many ai interaction experience every day solution expertise empower client achieve ai goal make significant impact industry delivery engineer yo,Delivery Engineer (Secret) with Security Clearance,Figure Eight Federal LLC,"Saint Louis, Saint Louis County",IT Jobs,https://www.adzuna.com/land/ad/5332020753?se=IDxFyIup8BGej54AcLqpVw&utm_medium=api&utm_source=183d4472&v=1DD854F73AF26DB7E0081AA0330E0B33556F9FA5
red gate group seeking program management support lifecycle acquisition specialist support national geospatial intelligence agency nga st louis mo role play critical part advancing nga mission providing expert guidance hand program management across full acquisition lifecycle developing acquisition strategy managing complex procurement supporting testing risk management stakeholder engagement serve,Program Management Support – Lifecycle Acquisition with Security Clearance,Red Gate Group,"Saint Louis, Saint Louis County",IT Jobs,https://www.adzuna.com/land/ad/5441577456?se=IDxFyIup8BGej54AcLqpVw&utm_medium=api&utm_source=183d4472&v=293CE4791DED0B20AED70577A94B3171FAB9F602
welcome momentum team momentum company name highest value deliver customer rapidly growing technology solution company delivering innovative technology engineering intelligence solution across dod sector effort high capacity team ultimately strengthen nation warfighter team dispersed throughout u mean value diversity unique collaboration fostered throughout team,Principal Software Engineer with Security Clearance,Momentum,"Saint Louis, Saint Louis County",IT Jobs,https://www.adzuna.com/land/ad/5447523462?se=IDxFyIup8BGej54AcLqpVw&utm_medium=api&utm_source=183d4472&v=587BD60142B112818725386A0A805C80DADC0DF9
welcome momentum team momentum company name highest value deliver customer rapidly growing technology solution company delivering innovative technology engineering intelligence solution across dod sector effort high capacity team ultimately strengthen nation warfighter team dispersed throughout u mean value diversity unique collaboration fostered throughout team,Senior Software Engineer with Security Clearance,Momentum,"Saint Louis, Saint Louis County",IT Jobs,https://www.adzuna.com/land/ad/5443805658?se=IDxFyIup8BGej54AcLqpVw&utm_medium=api&utm_source=183d4472&v=2ECD316914EFC446CBC0E24045EC079947C9B321
beginning new data ai decade reshape work society begun accenture stepping boldly future clear strategy purpose help client optimize reinvent business data ai 45 000 professional dedicated data ai accenture data ai organization brings together experienced innovation strategic investment exceptional talent power ecosystem product manager role essential guidi,Advanced AI Platform Product Manager,Accenture,"Wellston, Saint Louis County",Engineering Jobs,https://www.adzuna.com/land/ad/5340797527?se=IDxFyIup8BGej54AcLqpVw&utm_medium=api&utm_source=183d4472&v=3FC3A4E274927D0E988E5C0EDBF3D30C67C3370A
job description boeing innovate collaborate make world better place committed fostering environment every teammate welcoming respectful inclusive great opportunity professional growth find future u boeing defense space security bd phantom work organization seeking highly skilled motivated experienced low observables design integration engineer join team st louis missouri ideal candid,Experienced Low Observables Design and Integration Engineer (Urgent Search),Boeing,"Saint Louis, Saint Louis County",Engineering Jobs,https://www.adzuna.com/land/ad/5445614902?se=IDxFyIup8BGej54AcLqpVw&utm_medium=api&utm_source=183d4472&v=40030B36A17D891A110CF7510CE78D6AF0ABC838
job description boeing innovate collaborate make world better place committed fostering environment every teammate welcoming respectful inclusive great opportunity professional growth find future u boeing defense space security bd phantom work organization seeking highly skilled motivated experienced low observables design integration engineer join team st louis missouri ideal candid,Experienced Low Observables Design and Integration Engineer,BOEING,"Saint Louis, Saint Louis County",Engineering Jobs,https://www.adzuna.com/land/ad/5446400525?se=IDxFyIup8BGej54AcLqpVw&utm_medium=api&utm_source=183d4472&v=8B06567AB7EEE439842A9069E5A594ECC5BDE2E7
job description insight global seeking support engineer sit st louis mo one client support engineer provides front line technical support ensure smooth computer operation end user day begin reviewing responding incoming help request engineer troubleshoots hardware software issue using remote tool person support needed document support interaction escalate complex issue appropriate technicia,Support Engineer,Insight Global,"Wellston, Saint Louis County",IT Jobs,https://www.adzuna.com/land/ad/5362779334?se=IDxFyIup8BGej54AcLqpVw&utm_medium=api&utm_source=183d4472&v=598B6B6824F69B648E49EA27036C9B5FFF3D7332
net developer work team talented individual share strong passion work primary role experienced individual develop software solution conception development testing implementation phase full time position challenge find creative way solve problem explore new technology everyone expected contribute every level development process regardless position looking,C# .NET Developer - Mid to Senior/Level,The Timberline Group,"Saint Louis, Saint Louis County",IT Jobs,https://www.adzuna.com/details/4809972306?utm_medium=api&utm_source=183d4472
beginning new data ai decade reshape work society begun accenture stepping boldly future clear strategy purpose help client optimize reinvent business data ai 45 000 professional dedicated data ai accenture data ai organization brings together experienced innovation strategic investment exceptional talent power ecosystem senior advance ai software engineer wi,Advanced AI Software Engineer Associate Director,Accenture,"Wellston, Saint Louis County",Engineering Jobs,https://www.adzuna.com/land/ad/5317120897?se=msFnyYup8BGej54AcLqpVw&utm_medium=api&utm_source=183d4472&v=2602CA37904428AA93BB9FCEA8359E385C9F05FD
beginning new data ai decade reshape work society begun accenture stepping boldly future clear strategy purpose help client optimize reinvent business data ai 45 000 professional dedicated data ai accenture data ai organization brings together experienced innovation strategic investment exceptional talent power ecosystem join ai talent community,Senior Advanced AI Software Engineer,Accenture,"Wellston, Saint Louis County",Engineering Jobs,https://www.adzuna.com/land/ad/5391519780?se=msFnyYup8BGej54AcLqpVw&utm_medium=api&utm_source=183d4472&v=85CA544D4C3A49EE1888341BA3583F0AF6368C05
beginning new data ai decade reshape work society begun accenture stepping boldly future clear strategy purpose help client optimize reinvent business data ai 45 000 professional dedicated data ai accenture data ai organization brings together experienced innovation strategic investment exceptional talent power ecosystem join ai talent community,Advanced AI Software Engineer,Accenture,"Wellston, Saint Louis County",Engineering Jobs,https://www.adzuna.com/land/ad/5391519698?se=msFnyYup8BGej54AcLqpVw&utm_medium=api&utm_source=183d4472&v=ED643EC382B11B4C83637C11BB79A570CFD54B6B
welcome momentum team momentum company name highest value deliver customer rapidly growing technology solution company delivering innovative technology engineering intelligence solution across dod sector effort high capacity team ultimately strengthen nation warfighter team dispersed throughout u mean value diversity unique collaboration fostered throughout team,DevSecOps Engineers with Security Clearance,Momentum,"Saint Louis, Saint Louis County",IT Jobs,https://www.adzuna.com/land/ad/5443805067?se=msFnyYup8BGej54AcLqpVw&utm_medium=api&utm_source=183d4472&v=013BD9FBFD7718413331C55F72559EA58BC583B6
job description boeing innovate collaborate make world better place committed fostering environment every teammate welcoming respectful inclusive great opportunity professional growth find future u boeing defense space security bd f 18 team seeking idiq chief integrator st louis mo f 18 idiq chief integrator responsible ensuring capability initiative developed f 18,F/A-18 IDIQ Chief Integrator,Boeing,"Saint Louis, Saint Louis County",Engineering Jobs,https://www.adzuna.com/land/ad/5446400575?se=msFnyYup8BGej54AcLqpVw&utm_medium=api&utm_source=183d4472&v=2D0D40E55CAAD1852497BF7C1AC125DF0C68C545
job description boeing innovate collaborate make world better place committed fostering environment every teammate welcoming respectful inclusive great opportunity professional growth find future u boeing defense space security bd f 18 team seeking idiq chief integrator st louis mo f 18 idiq chief integrator responsible ensuring capability initiative developed f 18,F/A-18 IDIQ Chief Integrator [10/15/2025],BOEING,"Saint Louis, Saint Louis County",Engineering Jobs,https://www.adzuna.com/land/ad/5447177389?se=msFnyYup8BGej54AcLqpVw&utm_medium=api&utm_source=183d4472&v=7DF09825DE56F55C706CF0ACAE49045E204511CD
job description boeing innovate collaborate make world better place committed fostering environment every teammate welcoming respectful inclusive great opportunity professional growth find future u boeing defense space security bd phantom work organization seeking highly skilled experienced low observables mission system integration engineer support integrated product team design inte,▷ [High Salary] Experienced Low Observables Mission Systems Integration Engineer,BOEING,"Saint Louis, Saint Louis County",Engineering Jobs,https://www.adzuna.com/land/ad/5445615304?se=msFnyYup8BGej54AcLqpVw&utm_medium=api&utm_source=183d4472&v=1A574DD68D88B3DD0CEEAD8E52F14F335B53C429
job description boeing innovate collaborate make world better place committed fostering environment every teammate welcoming respectful inclusive great opportunity professional growth find future u boeing defense space security bd phantom work organization seeking highly skilled experienced senior low observables mission system integration engineer lead team engineer support design,Urgent Search! Low Observables Mission Systems Integration Lead,Boeing,"Saint Louis, Saint Louis County",Engineering Jobs,https://www.adzuna.com/land/ad/5445615051?se=msFnyYup8BGej54AcLqpVw&utm_medium=api&utm_source=183d4472&v=45F2E803A462E9B38F6AC3696C826E922AB0CA0D
job description boeing innovate collaborate make world better place committed fostering environment every teammate welcoming respectful inclusive great opportunity professional growth find future u boeing defense space security bd phantom work organization seeking highly skilled experienced senior low observables mission system integration engineer lead team engineer support design,▷ Urgent: Low Observables Mission Systems Integration Lead,Boeing,"Saint Louis, Saint Louis County",Engineering Jobs,https://www.adzuna.com/land/ad/5446129095?se=msFnyYup8BGej54AcLqpVw&utm_medium=api&utm_source=183d4472&v=A3116E1820A5AEF9DCF79C773A7C2D1F99F6C74B
senior hadoop developer develop create modify general computer application software specialized utility program job responsibility duty include implement data analytics processing algorithm big data batch stream processing framework e g hadoop mapreduce python spark scala kafka etc perform data acquisition preparation perform analysis leveraging variety data programming technique spark using scala work complex issue analysis,Senior Hadoop Developer,The Timberline Group,"Saint Louis, Saint Louis County",IT Jobs,https://www.adzuna.com/details/4816780814?utm_medium=api&utm_source=183d4472
role sr java backend developer f2f interview location st louis mo onsite position type contract person face face interview required office st louis mo job description bachelor degree computer science information technology minimum 7 year experience developing backend application role responsibility developing high quality scalable solution working collaboratively product owner business analyst quality assurance,Sr. Java Backend Developer(f2f interview),Axiom Software Solutions Limited,"Saint Louis, Saint Louis County",IT Jobs,https://www.adzuna.com/details/5343826462?utm_medium=api&utm_source=183d4472
engineer job family responsible maintaining deep technical knowledge thorough understanding solution design constraint operational approach engineer job family develops collaborative partnership stakeholder build implement technology solution well actively anticipate solve problem delivery qualification required must authorized work u without sponsorship future must incorporate se,Jira and Confluence Administrator,The Timberline Group,"Saint Louis, Saint Louis County",IT Jobs,https://www.adzuna.com/details/5015769797?utm_medium=api&utm_source=183d4472
job description boeing innovate collaborate make world better place committed fostering environment every teammate welcoming respectful inclusive great opportunity professional growth find future u boeing company seeking experienced lead electronic warfare integrator serve engineering lead electronic warfare team located berkely mo ew lead major proprietary program,Electronic Warfare Lead Engineer (Level 5),The Boeing Company,"Wellston, Saint Louis County",Engineering Jobs,https://www.adzuna.com/land/ad/5431927821?se=msFnyYup8BGej54AcLqpVw&utm_medium=api&utm_source=183d4472&v=4B68AB523C1431DD7D7BF98DA25CC0F373F1DE0A
endpoint security engineer iii job category engineering time type full time minimum clearance required start t sci employee type regular percentage travel required 10 type travel local opportunity risai exciting opportunity senior endpoint security engineer join transport cybersecurity service tc team either springfield va st louis mo endpoint security team rapidly growing one several new position,RISA20250818-OP026 - CSE III - Endpoint Security Services with Security Clearance,"Vector Check Business Solutions, LLC","Sauget, Saint Clair County",IT Jobs,https://www.adzuna.com/land/ad/5362024804?se=msFnyYup8BGej54AcLqpVw&utm_medium=api&utm_source=183d4472&v=4110883C969CF7B1332E93C0612694FAD25CA4B7
overall assignment description conduct tscm foreign visit gift inspection digital counterexploitation technical evaluation activity technical operation supporting nga tscm program tssc modernization goal office counterintelligence technical ci division maintain familiarization governing national agency level policy ensuring compliance facet reporting training requirement well regulatory guideline duty may inc,TSCM Practitioner support (Level III) - TS/SCI Clearance required,Core-CSI LLC.,"Saint Louis, Saint Louis County",IT Jobs,https://www.adzuna.com/details/5414758750?utm_medium=api&utm_source=183d4472
job description net developer work team talented individual share strong passion work primary role experienced individual develop software solution conception development testing implementation phase full time position challenge find creative way solve problem explore new technology everyone expected contribute every level development process regardless position,Senior C# .NET Developer,The Timberline Group,"Saint Louis, Saint Louis County",IT Jobs,https://www.adzuna.com/details/4817115320?utm_medium=api&utm_source=183d4472
overview position use javascript expertise develop visualization software understand data proximity location matter work help developer community imagine capability location aware software application enable real world improvement team support department defense nga intelligence community client part talented cross functional team dynamic passionate engineer deliver capabiliti,Software Development Engineer I- NGA,Esri,"Saint Louis, Saint Louis County",IT Jobs,https://www.adzuna.com/details/5445463854?utm_medium=api&utm_source=183d4472
job description boeing innovate collaborate make world better place committed fostering environment every teammate welcoming respectful inclusive great opportunity professional growth find future u boeing research technology seeking highly skilled motivated structural analysis engineer lead senior join material structure organization berkeley mo team currently hiring broad range,▷ [Urgent] Structural Analysis Engineer (Lead or Senior),BOEING,"Saint Louis, Saint Louis County",Engineering Jobs,https://www.adzuna.com/land/ad/5446129122?se=msFnyYup8BGej54AcLqpVw&utm_medium=api&utm_source=183d4472&v=F90E19155542676312CBAF2C51312105AF011260
job description boeing innovate collaborate make world better place committed fostering environment every teammate welcoming respectful inclusive great opportunity professional growth find future u boeing defense space security bd phantom work organization st louis missouri seeking associate low observables lo design integration engineer support design analysis propulsion subsystem,▷ (Apply Now) Associate Low Observables Design & Integration Engineer,BOEING,"Saint Louis, Saint Louis County",Engineering Jobs,https://www.adzuna.com/land/ad/5445615137?se=msFnyYup8BGej54AcLqpVw&utm_medium=api&utm_source=183d4472&v=B1F132A7E84AB6E5E121CA4FE07ECE626636FE14
